Threads,RunTime,OPSML,RUNS
1,0.44581099999999996,4.486212,5
