Threads,RunTime,OPSML,RUNS
1,0.6192372,3.2297799999999994,5
