Threads,RunTime,OPSML,RUNS
1,0.44116140000000004,4.533512,5
