Threads,RunTime,OPSML,RUNS
1,0.6148939999999999,3.2525980000000003,5
